{
  "configs": [
    {
      "server": "jocelen.ml",
      "server_port": 2333,
      "password": "123456",
      "method": "aes-256-cfb",
      "remarks": "",
      "auth": false
    }
  ],
  "strategy": null,
  "index": 0,
  "global": false,
  "enabled": true,
  "shareOverLan": false,
  "isDefault": false,
  "localPort": 1080,
  "pacUrl": null,
  "useOnlinePac": false,
  "availabilityStatistics": false,
  "autoCheckUpdate": false,
  "isVerboseLogging": false,
  "logViewer": null,
  "useProxy": false,
  "proxyServer": null,
  "proxyPort": 0
}